{
  "train_loss": [
    5.774371993952784,
    4.55295624404118,
    3.918186882446552,
    3.487220311986989,
    3.2305631144293425,
    3.0434680437219552,
    2.8945448234163482,
    2.7763056138466142,
    2.671359662351937,
    2.5715558241153587,
    2.4875426867912553,
    2.398475507210041,
    2.3146287141175104,
    2.236613294173931,
    2.1660236140777327,
    2.0886602751139938,
    2.0036672805917672,
    1.9390282877560319,
    1.8747478661866024,
    1.814812534841998,
    1.7416428615306985,
    1.6642088725649078,
    1.5580218311013847,
    1.4940701825865383,
    1.4509403458957015,
    1.4153103992856781,
    1.3746761515222747,
    1.3442822304265252,
    1.2718484288659588,
    1.2538385329575374,
    1.225550200404792
  ],
  "val_loss": [
    5.311950798387881,
    4.749608640317564,
    4.313948887365836,
    4.1928432296823575,
    4.192540866357309,
    4.198415138103344,
    4.219937611509253,
    4.3139251956233275,
    4.354984075934799,
    4.36028719831396,
    4.409401332890546,
    4.446801662445068,
    4.454370564884609,
    4.474223264941463,
    4.539967669381036,
    4.546968442422372,
    4.5918222091816085,
    4.640074694598162,
    4.6474410074728505,
    4.666491764563101,
    4.8825544604548705,
    4.807674222522312,
    4.835665967729357,
    4.876719254034537,
    4.906814831274527,
    4.875529359888147,
    5.02331182691786,
    5.0832808370943425,
    5.037529795258133,
    5.081257263819377,
    5.102381918165419
  ],
  "val_acc@1": [
    18.92621475704859,
    25.0749850029994,
    34.07318536292742,
    35.27294541091781,
    36.92261547690462,
    36.02279544091182,
    36.89262147570486,
    35.99280143971206,
    36.92261547690462,
    36.20275944811038,
    37.192561487702456,
    37.49250149970006,
    39.082183563287344,
    39.082183563287344,
    39.082183563287344,
    39.95200959808039,
    38.87222555488902,
    39.29214157168566,
    38.24235152969406,
    38.84223155368926,
    37.82243551289742,
    38.722255548890224,
    37.88242351529694,
    38.00239952009598,
    37.28254349130174,
    38.24235152969406,
    38.00239952009598,
    36.5626874625075,
    37.34253149370126,
    37.58248350329934,
    36.65266946610678
  ],
  "best_val_acc@1": 39.95200959808039,
  "best_epoch": 16,
  "test_metrics": {
    "correct@1": 1069.0,
    "correct@3": 1731.0,
    "correct@5": 1906.0,
    "correct@10": 2026.0,
    "rr": 1435.9325399398804,
    "ndcg": 44.789976531747136,
    "f1": 6.797331660985947,
    "total": 3502.0,
    "acc@1": 30.52541404911479,
    "acc@5": 54.426042261564824,
    "acc@10": 57.85265562535694,
    "mrr": 41.00321359051628
  }
}