{
  "test": {
    "correct@1": 1015.0,
    "correct@3": 1603.0,
    "correct@5": 1726.0,
    "correct@10": 1896.0,
    "rr": 1363.8109483718872,
    "ndcg": 42.1524189731722,
    "f1": 3.2650649868883193,
    "total": 3502.0,
    "acc@1": 28.983438035408337,
    "acc@5": 49.286122215876645,
    "acc@10": 54.14049114791548,
    "mrr": 38.94377351147593
  },
  "params": 956356
}