{"correct@1": 995.0, "correct@3": 1554.0, "correct@5": 1673.0, "correct@10": 1832.0, "rr": 1319.9788284301758, "ndcg": 40.80226120439548, "f1": 1.574192762374878, "total": 3502.0, "acc@1": 28.412335808109653, "acc@5": 47.77270131353512, "acc@10": 52.31296402055968, "mrr": 37.69214244517921}