{
  "test": {
    "correct@1": 1073.0,
    "correct@3": 1648.0,
    "correct@5": 1804.0,
    "correct@10": 2004.0,
    "rr": 1417.5039310455322,
    "ndcg": 44.21615938266164,
    "f1": 3.461404886096716,
    "total": 3502.0,
    "acc@1": 30.63963449457453,
    "acc@5": 51.51342090234152,
    "acc@10": 57.22444317532839,
    "mrr": 40.476982611237354
  },
  "params": 849964,
  "best_val": 40.37192561487702
}