{
  "train_loss": [
    5.463991181603793,
    4.927546706692926,
    4.568859388088358,
    4.314281743148277,
    4.169414836784889,
    4.057438455778977,
    3.9407740173668695,
    3.830482396586188,
    3.7549705546477745,
    3.666632500188104,
    3.6014093571695787,
    3.5400123637298058,
    3.505449364925253,
    3.439640184928631,
    3.391866346885418,
    3.36874114233872,
    3.3569926598976396,
    3.318933597926436,
    3.282206518896695,
    3.255411715343081,
    3.229239319932872,
    3.2381441264316955,
    3.2027077674865723,
    3.1952541696614234,
    3.160520105526365,
    3.1471742432692955,
    3.1405918146001883,
    3.1233214962071387,
    3.1125695335453956,
    3.104068423139638,
    3.0951722819229652,
    3.0770011729207534,
    3.058115876954177,
    2.988664590079209,
    2.9610692303756188,
    2.946691373298908,
    2.943197381907496,
    2.9181219298264076,
    2.9207482420164963,
    2.9047274260685363
  ],
  "val_loss": [
    5.462490576284903,
    5.403577239425094,
    5.205126682917277,
    5.149305105209351,
    4.987441689879806,
    4.9288541564234984,
    4.864854371106183,
    4.840738587909275,
    4.876610393877383,
    4.7885345706233275,
    4.736755424075657,
    4.6345188794312655,
    4.782248576482137,
    4.7188001120532,
    4.602809261392664,
    4.655199421776666,
    4.690711268672237,
    4.651210369887175,
    4.642482748738042,
    4.645697523046423,
    4.610471663651643,
    4.668095827102661,
    4.6149900665989625,
    4.616693735122681,
    4.607945459860343,
    4.694515864054362,
    4.605935820826778,
    4.651118825983118,
    4.655663039949205,
    4.71668616047612,
    4.719668220590662,
    4.734050856696235,
    4.7343539485224975,
    4.666894806755914,
    4.6817360454135475,
    4.721168818297209,
    4.71837349291201,
    4.735422673048796,
    4.8101690080430775,
    4.740045759412977
  ],
  "val_acc@1": [
    18.62627474505099,
    19.49610077984403,
    20.39592081583683,
    20.155968806238754,
    21.775644871025797,
    21.32573485302939,
    25.34493101379724,
    27.714457108578284,
    25.43491301739652,
    29.034193161367728,
    31.163767246550687,
    31.31373725254949,
    32.51349730053989,
    30.74385122975405,
    34.223155368926214,
    33.143371325734854,
    32.81343731253749,
    34.52309538092381,
    32.87342531493701,
    32.123575284943016,
    33.05338932213557,
    33.503299340131974,
    32.99340131973605,
    34.52309538092381,
    34.70305938812238,
    33.113377324535094,
    33.893221355728855,
    34.0131973605279,
    32.18356328734253,
    32.18356328734253,
    31.79364127174565,
    30.83383323335333,
    32.27354529094181,
    33.41331733653269,
    32.90341931613677,
    32.15356928614277,
    32.96340731853629,
    31.88362327534493,
    32.393521295740854,
    33.02339532093581
  ],
  "best_val_acc@1": 34.70305938812238,
  "best_epoch": 25,
  "test_metrics": {
    "correct@1": 975.0,
    "correct@3": 1689.0,
    "correct@5": 1873.0,
    "correct@10": 2029.0,
    "rr": 1365.043023109436,
    "ndcg": 43.394878698988414,
    "f1": 4.897212548181415,
    "total": 3502.0,
    "acc@1": 27.841233580810965,
    "acc@5": 53.48372358652199,
    "acc@10": 57.93832095945174,
    "mrr": 38.978955542816564
  }
}