{
  "train_loss": [
    5.09307677992459,
    3.9347668639544784,
    3.564628942259427,
    3.3532815842792907,
    3.1922346394637535,
    3.0847529707283807,
    2.9709013227758736,
    2.880577255939615,
    2.7981159974788796,
    2.74117746640896,
    2.6691995694719512,
    2.598868477961113,
    2.5348485132743575,
    2.465757312445805,
    2.4146228586805276,
    2.342758749065728,
    2.280228837810714,
    2.2221699655056,
    2.1502936657132774,
    2.103194087743759,
    2.0548358189648597,
    1.9949642234835132,
    1.9408754038399663,
    1.8878094965013965,
    1.8492778169697728,
    1.6927685018243461,
    1.6462998862924247,
    1.6119173261626014,
    1.5717807042187657,
    1.552776994376347,
    1.51163011481022,
    1.4902035460389893,
    1.4609970193484734,
    1.3900482818998139,
    1.364362437149574,
    1.3413892933006943,
    1.3306309406099648
  ],
  "val_loss": [
    4.620204831069371,
    4.358311385478613,
    4.25609621011986,
    4.228365063667297,
    4.341037052982259,
    4.255151204343112,
    4.261049131177506,
    4.308786473184262,
    4.361008936504148,
    4.355461916833554,
    4.269543580289157,
    4.363842224175075,
    4.321498877597305,
    4.408359118227689,
    4.4014246193867805,
    4.470431363807534,
    4.444185315438037,
    4.43590606833404,
    4.580428438366584,
    4.5543893575668335,
    4.536058979214363,
    4.551211557298337,
    4.6122560973437325,
    4.7109096230201,
    4.73685339711747,
    4.644950108708076,
    4.644578938214284,
    4.678978218222564,
    4.809430725169632,
    4.727841800113894,
    4.745326201870756,
    4.776638152464381,
    4.8126882899482295,
    4.829011748421867,
    4.861181128699824,
    4.852506693804039,
    4.873632219602477
  ],
  "val_acc@1": [
    33.29334133173366,
    35.63287342531494,
    35.002999400119975,
    40.0119976004799,
    35.5128974205159,
    40.251949610077986,
    40.40191961607679,
    40.491901619676064,
    39.5620875824835,
    40.31193761247751,
    40.851829634073184,
    40.581883623275345,
    41.991601679664065,
    40.73185362927415,
    41.211757648470304,
    41.75164967006599,
    42.051589682063586,
    41.48170365926815,
    40.491901619676064,
    40.04199160167967,
    39.95200959808039,
    40.64187162567487,
    40.64187162567487,
    39.68206358728254,
    38.12237552489502,
    40.851829634073184,
    40.161967606478704,
    40.40191961607679,
    40.37192561487702,
    39.832033593281345,
    39.832033593281345,
    39.532093581283746,
    39.892021595680866,
    40.161967606478704,
    39.29214157168566,
    39.7120575884823,
    39.65206958608278
  ],
  "best_val_acc@1": 42.051589682063586,
  "best_epoch": 17,
  "test_metrics": {
    "correct@1": 1231.0,
    "correct@3": 1843.0,
    "correct@5": 1957.0,
    "correct@10": 2053.0,
    "rr": 1567.5466957092285,
    "ndcg": 47.85427606017299,
    "f1": 15.538280326873064,
    "total": 3502.0,
    "acc@1": 35.15134209023415,
    "acc@5": 55.88235294117647,
    "acc@10": 58.62364363221017,
    "mrr": 44.76147046571184
  }
}