{"test": {"correct@1": 1050.0, "correct@3": 1676.0, "correct@5": 1847.0, "correct@10": 1979.0, "rr": 1411.7530975341797, "ndcg": 43.957503191884214, "f1": 3.374658342450857, "total": 3502.0, "acc@1": 29.98286693318104, "acc@5": 52.74129069103369, "acc@10": 56.51056539120503, "mrr": 40.312766919879486}, "params": 943488}